"Level","Province","Benefit","Also known as","Who runs it","Status","What it is","Who it's for","Approximate amounts","Taxable?","Taxable details","How often it's paid","Payment details","How to apply or register","Application details","Sources"
"Federal","All of Canada","Canada Groceries and Essentials Benefit","CGEB. Before July 2026 it was called the GST/HST credit.","CRA – Canada Revenue Agency (CRA). [1]","Active","A tax-free payment every three months to help people with low and modest incomes pay for groceries and other everyday needs. [1] It replaced the GST/HST credit in July 2026. The rules are the same, and the amounts are 25% higher for five years (2026 to 2031). [2]","You must be a resident of Canada for tax purposes in the month before a payment and at the start of the payment month. [3]; You must be 19 or older. If you are younger, you can still qualify if you have (or had) a spouse or partner, or if you are a parent living with your child. [3]; You can qualify even if you had no income. [4]; The family income limit for a single person with no children is $60,012 (2025 income). Limits are higher for couples and families with children. [5]","Up to $679 a year for a single person, $890 for a couple, plus $234 for each child under 19 (July 2026 to June 2027). [5]; The amount goes down as family income goes up. You can be eligible and still get $0. [5]","No, tax-free","No. It is tax-free. [1]","Every 3 months","Four times a year: July, October, January and April. In 2026: July 3 and October 5. [6]","Automatic when you file","Most people do not apply. File your tax return every year, even if you had no income. [4] New to Canada? Apply for your first year with Form RC151 online (https://apps.cra-arc.gc.ca/ebci/uisp/rc151/ntr/en.html) (no children) or the Form RC151 PDF (https://www.canada.ca/en/revenue-agency/services/forms-publications/forms/rc151.html) and Form RC66 (https://www.canada.ca/en/revenue-agency/services/forms-publications/forms/rc66.html) (with children). One application per household. [4,1]","[1] CRA: Newcomers to Canada and the CRA: https://www.canada.ca/en/revenue-agency/services/tax/international-non-residents/individuals-leaving-entering-canada-non-residents/newcomers-canada-immigrants.html | [2] CRA: CGEB: https://www.canada.ca/en/revenue-agency/services/child-family-benefits/canada-groceries-essentials-benefit.html | [3] CRA: CGEB eligibility: https://www.canada.ca/en/revenue-agency/services/child-family-benefits/canada-groceries-essentials-benefit/who-eligible.html | [4] CRA: how to get CGEB: https://www.canada.ca/en/revenue-agency/services/child-family-benefits/canada-groceries-essentials-benefit/get-benefit.html | [5] CRA: CGEB amounts: https://www.canada.ca/en/revenue-agency/services/child-family-benefits/canada-groceries-essentials-benefit/how-much.html | [6] Payment dates: https://www.canada.ca/en/services/benefits/calendar.html"
"Federal","All of Canada","Canada child benefit","CCB","CRA – Canada Revenue Agency (CRA). [1]","Active","A tax-free monthly payment to help families with the cost of raising children under 18. [1]","You live with a child under 18 and are the main person responsible for their care. [7]; You are a resident of Canada for tax purposes. [7]; You or your spouse or partner must be a Canadian citizen, permanent resident, protected person, registered under the Indian Act, or a temporary resident who has lived in Canada for the last 18 months and has a valid permit in the 19th month. [7,1]; People with a Refugee Protection Claimant Document are not eligible. [7]; If your child lives with you 40% to 60% of the time (shared custody), each parent gets half. [8]; When both parents live with the child, the mother is usually the one who should apply. [7]","Up to $8,157 a year for each child under 6, and up to $6,883 a year for each child aged 6 to 17 (July 2026 to June 2027). [8]; Families with income under $38,237 get the full amount. Above that, the amount goes down, and it can reach $0. [8]; Example from the CRA: one child under 6 and family income of $45,000 gives about $640 a month. [8]","No, tax-free","No. It is tax-free. [1]","Monthly","Every month, usually around the 20th. In December 2026 it is paid on December 11. [6]","Application needed","Apply once with Form RC66 (https://www.canada.ca/en/revenue-agency/services/forms-publications/forms/rc66.html). It also signs you up for provincial and territorial child programs. Newcomers may also need Form RC66SCH (https://www.canada.ca/en/revenue-agency/services/forms-publications/forms/rc66sch.html). [1] After that, file your tax return every year to keep getting it. [8] If your temporary resident permit is renewed, send the new permit to the CRA before the old one expires, or payments stop. [1]","[1] CRA: Newcomers to Canada and the CRA: https://www.canada.ca/en/revenue-agency/services/tax/international-non-residents/individuals-leaving-entering-canada-non-residents/newcomers-canada-immigrants.html | [6] Payment dates: https://www.canada.ca/en/services/benefits/calendar.html | [7] CRA: CCB eligibility: https://www.canada.ca/en/revenue-agency/services/child-family-benefits/canada-child-benefit/who-apply.html | [8] CRA: CCB amounts: https://www.canada.ca/en/revenue-agency/services/child-family-benefits/canada-child-benefit/how-much.html"
"Federal","All of Canada","Child disability benefit","Paid together with the CCB","CRA – Canada Revenue Agency (CRA). [1]","Active","A tax-free monthly payment for families caring for a child under 18 who is approved for the disability tax credit. [1]","You must be eligible for the Canada child benefit for the child. [1]; The child must be approved for the disability tax credit (DTC). [1]","Up to $3,480 a year ($290 a month) for each eligible child (July 2026 to June 2027). [8]","No, tax-free","No. It is tax-free. [1]","Monthly","Every month, inside the CCB payment. [8]","Application needed","Apply for the child's disability tax credit with Form T2201 (https://www.canada.ca/en/revenue-agency/services/forms-publications/forms/t2201.html). Once approved, the CRA adds this benefit to your CCB automatically. [8,9]","[1] CRA: Newcomers to Canada and the CRA: https://www.canada.ca/en/revenue-agency/services/tax/international-non-residents/individuals-leaving-entering-canada-non-residents/newcomers-canada-immigrants.html | [8] CRA: CCB amounts: https://www.canada.ca/en/revenue-agency/services/child-family-benefits/canada-child-benefit/how-much.html | [9] CRA: How to apply for the DTC: https://www.canada.ca/en/revenue-agency/services/tax/individuals/segments/tax-credits-deductions-persons-disabilities/disability-tax-credit/how-apply-dtc.html"
"Federal","All of Canada","Canada workers benefit","CWB. It has two parts: a basic amount and a disability supplement.","CRA – Canada Revenue Agency (CRA). [1]","Active","A refundable tax credit for people who work and earn a low income. You get it through your tax return. [10] It has two parts: a basic amount for low-income workers, and a disability supplement for low-income workers who are approved for the disability tax credit. [10,11]","You must have income from work. [11]; You must be a resident of Canada for the whole year. [11]; You must be 19 or older on December 31, or live with a spouse, partner or child. [11]; If you were a full-time student for more than 13 weeks in the year, you cannot get it, unless you have an eligible dependant. [11]; The disability supplement is the second part of the CWB. It is not the same thing as the disability tax credit (DTC), but you must be approved for the DTC to get it. [10,11]","Up to $1,633 for a single person and $2,813 for a family (2025 tax year). [12]; The amount goes down as income goes up. A single person gets nothing above $37,742 of adjusted net income. [12]; Disability supplement (second part): up to $843 more. [12]; Amounts are different in Quebec, Alberta and Nunavut. [12]","Not stated in sources","Not stated in our sources. It is a refundable tax credit. [1]","Once a year","Once a year, as part of your tax refund. Up to half can be paid early (see the Advanced Canada workers benefit). [12]","Claim on your return","Claim it on line 45300 of your tax return. Tax software works it out for you. [10]","[1] CRA: Newcomers to Canada and the CRA: https://www.canada.ca/en/revenue-agency/services/tax/international-non-residents/individuals-leaving-entering-canada-non-residents/newcomers-canada-immigrants.html | [10] CRA: Canada workers benefit: https://www.canada.ca/en/revenue-agency/services/tax/individuals/topics/about-your-tax-return/tax-return/completing-a-tax-return/deductions-credits-expenses/line-45300-canada-workers-benefit-cwb.html | [11] CRA: CWB eligibility: https://www.canada.ca/en/revenue-agency/services/tax/individuals/topics/about-your-tax-return/tax-return/completing-a-tax-return/deductions-credits-expenses/line-45300-canada-workers-benefit-cwb/who-is-eligible.html | [12] CRA: CWB amounts: https://www.canada.ca/en/revenue-agency/services/tax/individuals/topics/about-your-tax-return/tax-return/completing-a-tax-return/deductions-credits-expenses/line-45300-canada-workers-benefit-cwb/how-much-you-can-get.html"
"Federal","All of Canada","Advanced Canada workers benefit","ACWB","CRA – Canada Revenue Agency (CRA). [1]","Active","Part of your Canada workers benefit, paid early in three instalments instead of waiting for your tax refund. [12]","Your last tax return must show you are entitled to the CWB. [12]; You must be a resident of Canada on the first day of each payment period. [12]; Payments stop if you leave Canada or are in prison for 90 days or more in a row. [12]","Up to half (50%) of your Canada workers benefit, including half of any disability supplement. [12]","Not stated in sources","Not stated in our sources. [12]","3 times a year","Three times a year: January, July and October. In 2026: January 12, July 10 and October 9. [6]","Automatic when you file","No application. It is paid automatically if your tax return shows you are entitled to the CWB. [12]","[1] CRA: Newcomers to Canada and the CRA: https://www.canada.ca/en/revenue-agency/services/tax/international-non-residents/individuals-leaving-entering-canada-non-residents/newcomers-canada-immigrants.html | [6] Payment dates: https://www.canada.ca/en/services/benefits/calendar.html | [12] CRA: CWB amounts: https://www.canada.ca/en/revenue-agency/services/tax/individuals/topics/about-your-tax-return/tax-return/completing-a-tax-return/deductions-credits-expenses/line-45300-canada-workers-benefit-cwb/how-much-you-can-get.html"
"Federal","All of Canada","Disability tax credit","DTC","CRA – Canada Revenue Agency (CRA). [1]","Active","A non-refundable tax credit. It lowers the income tax that a person with a disability, or a family member supporting them, has to pay. [1] Being approved also opens the door to other programs, such as the child disability benefit and the CWB disability supplement. [9]","A medical practitioner (for example a doctor or nurse practitioner) must certify Form T2201 (https://www.canada.ca/en/revenue-agency/services/forms-publications/forms/t2201.html), and the CRA must approve it. [9]; Approval can expire. The CRA tells you a year ahead on your notice of assessment. [9]","It reduces the tax you owe. It is not a cash payment on its own. [1]","Not income (lowers tax)","Not income. It lowers the tax you owe. [1]","Once a year","Once a year, when you file your tax return. [1]","Application needed","Fill out Part A of Form T2201 (https://www.canada.ca/en/revenue-agency/services/forms-publications/forms/t2201.html), have a medical practitioner fill out Part B, and send it to the CRA. You can also apply online. [9]","[1] CRA: Newcomers to Canada and the CRA: https://www.canada.ca/en/revenue-agency/services/tax/international-non-residents/individuals-leaving-entering-canada-non-residents/newcomers-canada-immigrants.html | [9] CRA: How to apply for the DTC: https://www.canada.ca/en/revenue-agency/services/tax/individuals/segments/tax-credits-deductions-persons-disabilities/disability-tax-credit/how-apply-dtc.html"
"Federal","All of Canada","Canada Disability Benefit","CDB","Service Canada (ESDC) – Service Canada, which delivers this program for Employment and Social Development Canada (ESDC). [13,14]","Active","A monthly payment for working-age people with disabilities who have a low income. It is run by Service Canada. [13]","You must be 18 to 64 years old and approved for the disability tax credit. [15]; You must be a resident of Canada for tax purposes, and you (and your spouse or partner) must have filed 2025 tax returns. [15]; You must be a Canadian citizen, permanent resident, registered under the Indian Act, protected person, or a temporary resident who has lived in Canada for the last 18 months. [15]","Up to $204.20 a month (July 2026 to June 2027). [16]; Some work income is not counted: $10,210 for a single person and $14,294 for a couple. [16]; The amount goes down as income goes up. [16]","Not stated in sources","Not stated in our sources. [16]","Monthly","Every month, on the third Thursday. [6]","Application needed","Apply to Service Canada (https://www.canada.ca/en/services/benefits/disability/canada-disability-benefit/apply.html) after your disability tax credit is approved. People who get a letter from Service Canada can use the application code in it. [17]","[6] Payment dates: https://www.canada.ca/en/services/benefits/calendar.html | [13] Service Canada: CDB: https://www.canada.ca/en/services/benefits/disability/canada-disability-benefit.html | [14] ESDC: CDCP service delivery note (2026): https://search.open.canada.ca/qpnotes/record/esdc-edsc%2CPA-SD_008_20260106 | [15] Service Canada: CDB eligibility: https://www.canada.ca/en/services/benefits/disability/canada-disability-benefit/eligibility.html | [16] Service Canada: CDB amounts: https://www.canada.ca/en/services/benefits/disability/canada-disability-benefit/amount.html | [17] Service Canada: Apply for the CDB: https://www.canada.ca/en/services/benefits/disability/canada-disability-benefit/apply.html"
"Federal","All of Canada","Canada Pension Plan retirement pension","CPP. You earn it by working and paying into the plan.","Service Canada (ESDC) – Service Canada, which delivers this program for Employment and Social Development Canada (ESDC). [18,14]","Active","A monthly pension that replaces part of your income when you retire. It is based on the money you paid into the CPP while working. [18]","You must be at least 60 years old. [18]; You must have made at least one valid contribution to the CPP, from work in Canada or from credits shared by a former spouse or partner. [18]","Depends on your average earnings, how much you paid in, and the age you start it. [18]","Yes, taxable","Yes. It is taxable income. [18]","Monthly","Every month, on the same day as Old Age Security. [6]","Application needed","It is not automatic. You must apply to Service Canada, ideally before you want it to start. [18]","[6] Payment dates: https://www.canada.ca/en/services/benefits/calendar.html | [14] ESDC: CDCP service delivery note (2026): https://search.open.canada.ca/qpnotes/record/esdc-edsc%2CPA-SD_008_20260106 | [18] Service Canada: CPP retirement pension: https://www.canada.ca/en/services/benefits/publicpensions/cpp.html"
"Federal","All of Canada","Old Age Security pension","OAS. Based on age and years lived in Canada, not on work.","Service Canada (ESDC) – Service Canada, which delivers this program for Employment and Social Development Canada (ESDC). [19,14]","Active","A monthly pension for people 65 and older. You can get it even if you are still working or never worked. [19]","You must be 65 or older. [19]; If you live in Canada: you must be a Canadian citizen or legal resident when your pension is approved, and have lived in Canada for at least 10 years after age 18. [19]; If you live outside Canada: you must have lived in Canada for at least 20 years after age 18. [19]; To get the full pension, you need 40 years in Canada after age 18. With fewer years, you get part of it. [20]","If you are 65 to 74: up to $762.50 a month. [21]; If you are 75 or older: up to $838.75 a month. [21]; These amounts are for October to December 2026. They are updated every three months. [21]","Yes, taxable","Yes. It is taxable. If your 2025 net income was over $93,454, you may have to pay back some or all of it. [20]","Monthly","Every month, near the end of the month. In 2026: October 28, November 26, December 22. [6]","Often automatic","Many people are enrolled automatically and get a letter shortly after their 64th birthday. If you get a letter asking you to apply, or no letter, you need to apply. [22] Apply online or with paper form ISP-3550 (OAS and GIS together). See how to apply (https://www.canada.ca/en/services/benefits/publicpensions/old-age-security/guaranteed-income-supplement/apply.html). [22]","[6] Payment dates: https://www.canada.ca/en/services/benefits/calendar.html | [14] ESDC: CDCP service delivery note (2026): https://search.open.canada.ca/qpnotes/record/esdc-edsc%2CPA-SD_008_20260106 | [19] Service Canada: Old Age Security booklet (PDF): https://www.canada.ca/content/dam/esdc-edsc/documents/corporate/service-canada/reports/ISPB-185.eng.pdf | [20] Service Canada: OAS amount: https://www.canada.ca/en/services/benefits/publicpensions/old-age-security/benefit-amount.html | [21] Service Canada: OAS/GIS amounts: https://www.canada.ca/en/services/benefits/publicpensions/old-age-security/payments.html | [22] Service Canada: Apply for OAS and GIS: https://www.canada.ca/en/services/benefits/publicpensions/old-age-security/guaranteed-income-supplement/apply.html"
"Federal","All of Canada","Guaranteed Income Supplement","GIS. An extra payment on top of OAS for people with low income.","Service Canada (ESDC) – Service Canada, which delivers this program for Employment and Social Development Canada (ESDC). [22,14]","Active","A monthly payment for people who get Old Age Security and have a low income. [21]","You must receive Old Age Security and live in Canada. [21]; You must be a Canadian citizen or legal resident. [21]; You cannot get it while you are under a sponsorship agreement. [21]; A single person's income must be under $23,112. Couples have higher limits. [21]","Up to $1,138.90 a month for a single person (October to December 2026). [21]; Up to $685.56 a month if your spouse gets the full OAS pension. [21]","No, tax-free","No. It is not taxable. [21]","Monthly","Every month, with your OAS payment. [6]","Often automatic","Service Canada tries to enroll you automatically and sends a letter shortly after your 64th birthday. If you did not get a letter, or it asks you to apply, apply here (https://www.canada.ca/en/services/benefits/publicpensions/old-age-security/guaranteed-income-supplement/apply.html) (form ISP-3025 if you already get OAS). [22]","[6] Payment dates: https://www.canada.ca/en/services/benefits/calendar.html | [14] ESDC: CDCP service delivery note (2026): https://search.open.canada.ca/qpnotes/record/esdc-edsc%2CPA-SD_008_20260106 | [21] Service Canada: OAS/GIS amounts: https://www.canada.ca/en/services/benefits/publicpensions/old-age-security/payments.html | [22] Service Canada: Apply for OAS and GIS: https://www.canada.ca/en/services/benefits/publicpensions/old-age-security/guaranteed-income-supplement/apply.html"
"Federal","All of Canada","Allowance and Allowance for the Survivor","For ages 60 to 64","Service Canada (ESDC) – Service Canada, which delivers this program for Employment and Social Development Canada (ESDC). [19,14]","Active","Monthly payments for people aged 60 to 64 with low income whose spouse gets the GIS, or who are widowed. [21]","You must be 60 to 64, a Canadian citizen or legal resident, and have lived in Canada at least 10 years since age 18. [21]; Allowance: your spouse or partner receives the GIS and full OAS, and your combined income is under $42,768. [21]; Allowance for the Survivor: your spouse or partner has died, you have not re-partnered, and your income is under $31,152. [21]","Up to $1,448.06 a month (Allowance) or $1,726.18 a month (Survivor), October to December 2026. [21]","No, tax-free","No. It is not taxable. [21]","Monthly","Every month, on the OAS payment dates. [6]","Application needed","Apply to Service Canada. [19]","[6] Payment dates: https://www.canada.ca/en/services/benefits/calendar.html | [14] ESDC: CDCP service delivery note (2026): https://search.open.canada.ca/qpnotes/record/esdc-edsc%2CPA-SD_008_20260106 | [19] Service Canada: Old Age Security booklet (PDF): https://www.canada.ca/content/dam/esdc-edsc/documents/corporate/service-canada/reports/ISPB-185.eng.pdf | [21] Service Canada: OAS/GIS amounts: https://www.canada.ca/en/services/benefits/publicpensions/old-age-security/payments.html"
"Federal","All of Canada","Canadian Dental Care Plan","CDCP","Health Canada, with Service Canada – Health Canada leads the plan. Service Canada handles applications on its behalf, and Sun Life pays the dental claims. [14]","Active","Helps pay for dental care for people who do not have dental insurance. It pays the dentist, not you. [23]","You must not have access to dental insurance. [14]; Your adjusted family net income must be under $90,000. [14]; You must be a resident of Canada for tax purposes and have filed last year's tax return. [14]; You must renew every year. [24]","No co-payment if family income is under $70,000. [23]; You pay a 40% co-payment if income is $70,000 to $79,999, and a 60% co-payment if it is $80,000 to $89,999. [23]","Not cash (coverage)","Not a cash payment. It is dental coverage. [23]","Coverage (not cash)","Coverage for the benefit year (July to June), as long as you stay enrolled. [24]","Application needed","Apply online (https://www.canada.ca/en/services/benefits/dental/dental-care-plan/apply.html) or by phone. Applications for July 2026 to June 2027 are open. [24,14]","[14] ESDC: CDCP service delivery note (2026): https://search.open.canada.ca/qpnotes/record/esdc-edsc%2CPA-SD_008_20260106 | [23] Health Canada: CDCP: https://www.canada.ca/en/health-canada/news/2023/12/the-canadian-dental-care-plan.html | [24] Canada.ca: Canadian Dental Care Plan: https://canada.ca/dental"
"Federal","All of Canada","GST/HST credit","Old name of the CGEB","CRA – Canada Revenue Agency (CRA). [1]","Renamed","The quarterly credit that became the Canada Groceries and Essentials Benefit on July 3, 2026. [2]","Same rules as the Canada Groceries and Essentials Benefit. [2]","See the Canada Groceries and Essentials Benefit. [2]","No, tax-free","Tax-free, like the CGEB. [1]","No longer paid","The last payments under this name were January 5 and April 2, 2026. [6]","Closed","Nothing to do. It continues automatically as the CGEB. [4]","[1] CRA: Newcomers to Canada and the CRA: https://www.canada.ca/en/revenue-agency/services/tax/international-non-residents/individuals-leaving-entering-canada-non-residents/newcomers-canada-immigrants.html | [2] CRA: CGEB: https://www.canada.ca/en/revenue-agency/services/child-family-benefits/canada-groceries-essentials-benefit.html | [4] CRA: how to get CGEB: https://www.canada.ca/en/revenue-agency/services/child-family-benefits/canada-groceries-essentials-benefit/get-benefit.html | [6] Payment dates: https://www.canada.ca/en/services/benefits/calendar.html"
"Federal","All of Canada","One-time CGEB top-up","","CRA – Canada Revenue Agency (CRA). [1]","Ended","A single extra payment made while the GST/HST credit changed into the CGEB. [25]","You had to be entitled to the January 2026 GST/HST credit, based on your 2024 tax return. [25]","Half (50%) of your yearly GST/HST credit for July 2025 to June 2026. [25]","Not stated in sources","Not stated in our sources. [25]","One-time","One payment on June 5, 2026. [25]","Closed","It was paid automatically. [25]","[1] CRA: Newcomers to Canada and the CRA: https://www.canada.ca/en/revenue-agency/services/tax/international-non-residents/individuals-leaving-entering-canada-non-residents/newcomers-canada-immigrants.html | [25] CRA news: June 5 top-up: https://www.canada.ca/en/revenue-agency/news/2026/04/canada-groceries-and-essentials-benefit-one-time-top-up-payment-to-make-groceries-and-other-essentials-more-affordable-is-coming-june-5.html"
"Federal","All of Canada","Grocery Rebate (2023)","","CRA – Canada Revenue Agency (CRA). [1]","Ended","A one-time payment in 2023 to help with the rising cost of food, paid with the July 2023 GST/HST credit. [26,27]","You had to be entitled to the January 2023 GST/HST credit, based on your 2021 tax return. [27]","Up to $234 for a single person with no children and up to $467 for a couple with two children. [26]","Not stated in sources","Not stated in our sources. [26]","One-time","One payment on July 5, 2023. [27]","Closed","It was paid automatically. [26]","[1] CRA: Newcomers to Canada and the CRA: https://www.canada.ca/en/revenue-agency/services/tax/international-non-residents/individuals-leaving-entering-canada-non-residents/newcomers-canada-immigrants.html | [26] Finance Canada, May 2023: https://www.canada.ca/en/department-finance/news/2023/05/legislation-to-provide-new-grocery-rebate-and-strengthen-public-health-care-receives-royal-assent.html | [27] CBC News, July 2023: https://www.cbc.ca/1.6896939"
"Federal","All of Canada","Canada Carbon Rebate","Earlier called the climate action incentive payment","CRA – Canada Revenue Agency (CRA). [1]","Ended","A tax-free payment to help with the cost of federal pollution pricing. The government stopped the fuel charge and this rebate for individuals in 2025. [1]","There are no new payments. [28]; If you were eligible but have not filed your 2021, 2022, 2023 or 2024 tax returns, you can still get those payments once the returns are assessed. [1]","The last regular payment was April 22, 2025. [6]","No, tax-free","No. It was tax-free. [1]","No longer paid","It used to be paid every three months. [28]","Closed","File any missing 2021 to 2024 returns to get past payments. [1]","[1] CRA: Newcomers to Canada and the CRA: https://www.canada.ca/en/revenue-agency/services/tax/international-non-residents/individuals-leaving-entering-canada-non-residents/newcomers-canada-immigrants.html | [6] Payment dates: https://www.canada.ca/en/services/benefits/calendar.html | [28] CRA: Canada Carbon Rebate: https://www.canada.ca/en/revenue-agency/services/child-family-benefits/canada-carbon-rebate.html"
"Federal","All of Canada","Canada Emergency Response Benefit","CERB","CRA and Service Canada – It was paid by either the CRA or Service Canada. [29]","Ended","Pandemic income support in 2020 for workers who stopped working because of COVID-19. [29]","You had to live in Canada, be 15 or older, and have earned at least $5,000 in 2019 or in the 12 months before applying. [29]; It covered periods between December 29, 2019 and October 3, 2020. [29]","$2,000 for each 4-week period. [29]","Yes, taxable","Yes. It was taxable. [29]","No longer paid","It was paid for each 4-week period. [29]","Closed","Closed. People who were not eligible may have to pay it back. [29]","[29] Canada.ca: CERB: https://www.canada.ca/en/services/benefits/ei/cerb-application"
"Federal","All of Canada","Canada Worker Lockdown Benefit","CWLB","CRA – Canada Revenue Agency (CRA). [30]","Ended","Weekly support when a COVID-19 lockdown in your region stopped you from working. [30]","You had to live in Canada (citizenship or permanent residence was not required), be 15 or older, and have at least $5,000 of eligible income. [30]","$300 a week ($270 after tax was taken off). [30]","Yes, taxable","Yes. Tax was taken off each payment. [30]","No longer paid","Available from October 24, 2021 to May 7, 2022. [30]","Closed","Closed. The last day to apply was May 18, 2022. [30]","[30] CRA: CWLB: https://www.canada.ca/en/revenue-agency/services/benefits/worker-lockdown-benefit.html"
"Provincial or territorial","Alberta","Alberta child and family benefit","ACFB","CRA, for a province or territory – The CRA runs it on behalf of the Government of Alberta. [31,1]","Active","A tax-free payment for families with children under 18. It is paid separately from the CCB. [32]","You live in Alberta and have children under 18. [32]; The base part goes down when family income is above $28,116. [32]; The working part needs family work income over $2,760. [32]","Base part: up to $1,529 a year for the first child and $764 each for the 2nd, 3rd and 4th child. [32]; Working part: up to $782, $712, $426 and $141 for children one to four. [32]","No, tax-free","No. It is tax-free. [32]","Every 3 months","In February, May, August and November. In 2026: February 27, May 27, August 27 and November 27. [6]","Automatic when you file","Your CCB application (Form RC66) (https://www.canada.ca/en/revenue-agency/services/forms-publications/forms/rc66.html) covers this program. File your tax return every year. [1]","[1] CRA: Newcomers to Canada and the CRA: https://www.canada.ca/en/revenue-agency/services/tax/international-non-residents/individuals-leaving-entering-canada-non-residents/newcomers-canada-immigrants.html | [6] Payment dates: https://www.canada.ca/en/services/benefits/calendar.html | [31] CRA: Provincial and territorial programs: https://www.canada.ca/en/revenue-agency/services/child-family-benefits/provincial-territorial-programs.html | [32] CRA: Alberta programs: https://www.canada.ca/en/revenue-agency/services/child-family-benefits/provincial-territorial-programs/province-alberta.html"
"Provincial or territorial","British Columbia","BC family benefit","BCFB","CRA, for a province or territory – The CRA runs it on behalf of the Government of British Columbia. [31,1]","Active","A tax-free monthly payment for families with children under 18, paid together with the CCB. [33]","You live in British Columbia and have children under 18. [33]; The amount goes down when family income is above $30,176. [33]","$145.83 a month for the first child, $91.66 for the second, and $75 for each additional child. [33]; Single-parent families can get $41.66 a month for the first child. [33]","No, tax-free","No. It is tax-free. [33]","Monthly","Every month, with the CCB. [33]","Automatic when you file","Your CCB application (Form RC66) (https://www.canada.ca/en/revenue-agency/services/forms-publications/forms/rc66.html) covers this program. File your tax return every year. [1]","[1] CRA: Newcomers to Canada and the CRA: https://www.canada.ca/en/revenue-agency/services/tax/international-non-residents/individuals-leaving-entering-canada-non-residents/newcomers-canada-immigrants.html | [31] CRA: Provincial and territorial programs: https://www.canada.ca/en/revenue-agency/services/child-family-benefits/provincial-territorial-programs.html | [33] CRA: BC programs: https://www.canada.ca/en/revenue-agency/services/child-family-benefits/provincial-territorial-programs/province-british-columbia.html"
"Provincial or territorial","British Columbia","BC climate action tax credit","","Government of B.C. – A Government of B.C. program. [34]","Ended","A payment that helped offset BC's consumer carbon tax. It was cancelled when BC set that tax to $0 on April 1, 2025. [34]","There are no new payments. [34]","The final payment was in April 2025. [34]","Not stated in sources","Not stated in our sources. [34]","No longer paid","No further payments. [34]","Closed","Closed. [34]","[34] Government of B.C., March 2025: https://news.gov.bc.ca/releases/2025FIN0014-000280"
"Provincial or territorial","New Brunswick","New Brunswick child tax benefit","NBCTB, with a working income supplement and a school supplement","CRA, for a province or territory – The CRA runs it on behalf of the Government of New Brunswick. [31,1]","Active","A tax-free monthly amount for families with children under 18, paid together with the CCB. [35]","You live in New Brunswick and have children under 18. [35]; The basic amount goes down when family income is above $20,000. [35]; The school supplement is for families whose 2025 income was $20,000 or less. [35]","$20.83 a month for each child. [35]; Working income supplement: up to $20.83 a month per family. [35]; School supplement: $100 for each child born from 2009 to 2021, paid in July 2026. [35]","No, tax-free","No. It is tax-free. [35]","Monthly","Every month with the CCB. The school supplement is paid once a year in July. [35]","Automatic when you file","Your CCB application (Form RC66) (https://www.canada.ca/en/revenue-agency/services/forms-publications/forms/rc66.html) covers this program. File your tax return every year. [1]","[1] CRA: Newcomers to Canada and the CRA: https://www.canada.ca/en/revenue-agency/services/tax/international-non-residents/individuals-leaving-entering-canada-non-residents/newcomers-canada-immigrants.html | [31] CRA: Provincial and territorial programs: https://www.canada.ca/en/revenue-agency/services/child-family-benefits/provincial-territorial-programs.html | [35] CRA: New Brunswick programs: https://www.canada.ca/en/revenue-agency/services/child-family-benefits/provincial-territorial-programs/province-new-brunswick.html"
"Provincial or territorial","New Brunswick","New Brunswick harmonized sales tax credit","NBHSTC","CRA, for a province or territory – The CRA runs it on behalf of the Government of New Brunswick. [31,1]","Active","Helps people with low and modest incomes with the cost of sales tax. It is paid with the CGEB. [35,1]","You live in New Brunswick and qualify for the CGEB. [1]; The amount goes down by 2% of family income above $35,000. [35]","$300 for you, $300 for your spouse or partner, and $100 for each child under 19. [35]; A single parent gets $300 for the first child. [35]","Not stated in sources","Not stated in our sources. [35]","Every 3 months","Every three months, with the CGEB. [1]","Automatic when you file","No application. File your tax return every year. [4]","[1] CRA: Newcomers to Canada and the CRA: https://www.canada.ca/en/revenue-agency/services/tax/international-non-residents/individuals-leaving-entering-canada-non-residents/newcomers-canada-immigrants.html | [4] CRA: how to get CGEB: https://www.canada.ca/en/revenue-agency/services/child-family-benefits/canada-groceries-essentials-benefit/get-benefit.html | [31] CRA: Provincial and territorial programs: https://www.canada.ca/en/revenue-agency/services/child-family-benefits/provincial-territorial-programs.html | [35] CRA: New Brunswick programs: https://www.canada.ca/en/revenue-agency/services/child-family-benefits/provincial-territorial-programs/province-new-brunswick.html"
"Provincial or territorial","Newfoundland and Labrador","Newfoundland and Labrador child benefit","NLCB","CRA, for a province or territory – The CRA runs it on behalf of the Government of Newfoundland and Labrador. [31,1]","Active","A tax-free monthly amount for low-income families, paid together with the CCB. [36]","You live in Newfoundland and Labrador and have children under 18. [36]; The amount goes down when family income is above $20,397. [36]","$157.33 a month for the first child, $166.83 for the second, $179.16 for the third, and $192.50 for each additional child. [36]","No, tax-free","No. It is tax-free. [36]","Monthly","Every month, with the CCB. [36]","Automatic when you file","Your CCB application (Form RC66) (https://www.canada.ca/en/revenue-agency/services/forms-publications/forms/rc66.html) covers this program. File your tax return every year. [1]","[1] CRA: Newcomers to Canada and the CRA: https://www.canada.ca/en/revenue-agency/services/tax/international-non-residents/individuals-leaving-entering-canada-non-residents/newcomers-canada-immigrants.html | [31] CRA: Provincial and territorial programs: https://www.canada.ca/en/revenue-agency/services/child-family-benefits/provincial-territorial-programs.html | [36] CRA: NL programs: https://www.canada.ca/en/revenue-agency/services/child-family-benefits/provincial-territorial-programs/province-newfoundland-labrador.html"
"Provincial or territorial","Newfoundland and Labrador","Early childhood nutrition supplement","ECNS","CRA, for a province or territory – The CRA runs it on behalf of the Government of Newfoundland and Labrador. The prenatal part is run by the province. [36,31]","Active","Helps families with the cost of food for young children. [36]","You live in Newfoundland and Labrador and have children under 5. [36]; It depends on family income. [36]","$150 a month for each child under 5. [36]","Not stated in sources","Not stated in our sources. [36]","Monthly","Every month, with the CCB. [36]","Automatic when you file","Your CCB application (Form RC66) (https://www.canada.ca/en/revenue-agency/services/forms-publications/forms/rc66.html) covers this program. The prenatal part is run by the province. [36,1]","[1] CRA: Newcomers to Canada and the CRA: https://www.canada.ca/en/revenue-agency/services/tax/international-non-residents/individuals-leaving-entering-canada-non-residents/newcomers-canada-immigrants.html | [31] CRA: Provincial and territorial programs: https://www.canada.ca/en/revenue-agency/services/child-family-benefits/provincial-territorial-programs.html | [36] CRA: NL programs: https://www.canada.ca/en/revenue-agency/services/child-family-benefits/provincial-territorial-programs/province-newfoundland-labrador.html"
"Provincial or territorial","Newfoundland and Labrador","Newfoundland and Labrador income supplement","NLIS","CRA, for a province or territory – The CRA runs it on behalf of the Government of Newfoundland and Labrador. [31,1]","Active","A tax-free payment for people with low income, families and people with disabilities, paid with the CGEB. [36]","You live in Newfoundland and Labrador and qualify for the CGEB. [1]","Up to $520 a year for a single person, $589 for a couple, plus $231 for each child under 19. [36]","No, tax-free","No. It is tax-free. [36]","Every 3 months","Every three months, with the CGEB. [1]","Automatic when you file","No application. File your tax return every year. [4]","[1] CRA: Newcomers to Canada and the CRA: https://www.canada.ca/en/revenue-agency/services/tax/international-non-residents/individuals-leaving-entering-canada-non-residents/newcomers-canada-immigrants.html | [4] CRA: how to get CGEB: https://www.canada.ca/en/revenue-agency/services/child-family-benefits/canada-groceries-essentials-benefit/get-benefit.html | [31] CRA: Provincial and territorial programs: https://www.canada.ca/en/revenue-agency/services/child-family-benefits/provincial-territorial-programs.html | [36] CRA: NL programs: https://www.canada.ca/en/revenue-agency/services/child-family-benefits/provincial-territorial-programs/province-newfoundland-labrador.html"
"Provincial or territorial","Newfoundland and Labrador","Newfoundland and Labrador disability amount","NLDA","CRA, for a province or territory – The CRA runs it on behalf of the Government of Newfoundland and Labrador. [31,1]","Active","An extra amount added to the NL income supplement for people with disabilities. [36]","You qualify for the CGEB and the NL income supplement. [36]; You are approved for the disability tax credit. [36]","Up to $231 a year if you are approved for the DTC, plus $231 if your spouse or partner is too. [36]","Not stated in sources","Not stated in our sources. [36]","Every 3 months","Every three months, with the CGEB. [1]","Automatic when you file","No application, but you need an approved disability tax credit (Form T2201) (https://www.canada.ca/en/revenue-agency/services/forms-publications/forms/t2201.html). [36]","[1] CRA: Newcomers to Canada and the CRA: https://www.canada.ca/en/revenue-agency/services/tax/international-non-residents/individuals-leaving-entering-canada-non-residents/newcomers-canada-immigrants.html | [31] CRA: Provincial and territorial programs: https://www.canada.ca/en/revenue-agency/services/child-family-benefits/provincial-territorial-programs.html | [36] CRA: NL programs: https://www.canada.ca/en/revenue-agency/services/child-family-benefits/provincial-territorial-programs/province-newfoundland-labrador.html"
"Provincial or territorial","Newfoundland and Labrador","Newfoundland and Labrador seniors' benefit","NLSB","CRA, for a province or territory – The CRA runs it on behalf of the Government of Newfoundland and Labrador. [31,1]","Active","A tax-free yearly amount for seniors with low income, paid with the CGEB. [36]","You were at least 64 on December 31, 2025, or you are in a couple where one person is a senior. [36]; Full amount if family income is $30,409 or less; a smaller amount up to $46,549. [36]","$1,882 a year at the full rate. [36]","No, tax-free","No. It is tax-free. [36]","Every 3 months","Every three months, with the CGEB. [1]","Automatic when you file","No application. File your tax return every year. [4]","[1] CRA: Newcomers to Canada and the CRA: https://www.canada.ca/en/revenue-agency/services/tax/international-non-residents/individuals-leaving-entering-canada-non-residents/newcomers-canada-immigrants.html | [4] CRA: how to get CGEB: https://www.canada.ca/en/revenue-agency/services/child-family-benefits/canada-groceries-essentials-benefit/get-benefit.html | [31] CRA: Provincial and territorial programs: https://www.canada.ca/en/revenue-agency/services/child-family-benefits/provincial-territorial-programs.html | [36] CRA: NL programs: https://www.canada.ca/en/revenue-agency/services/child-family-benefits/provincial-territorial-programs/province-newfoundland-labrador.html"
"Provincial or territorial","Newfoundland and Labrador","Newfoundland and Labrador disability benefit","NLDB","CRA, for a province or territory – The CRA runs it on behalf of the Government of Newfoundland and Labrador. [31,1]","Active","A monthly payment for adults with disabilities who have a low income. [36]","You live in Newfoundland and Labrador on the first day of the payment month. [36]; You are 18 to 64 and have a valid disability tax credit certificate. [36]; Family income under $42,404 (one person with the DTC) or $55,404 (both spouses with the DTC). [36]","Up to $400 a month. You get the full amount if family income is under $29,402. [36]","Not stated in sources","Not stated in our sources. [36]","Monthly","Every month, around the 25th. [6]","Automatic when you file","No application. File your tax return every year and keep your DTC certificate (https://www.canada.ca/en/revenue-agency/services/forms-publications/forms/t2201.html) valid. [36]","[1] CRA: Newcomers to Canada and the CRA: https://www.canada.ca/en/revenue-agency/services/tax/international-non-residents/individuals-leaving-entering-canada-non-residents/newcomers-canada-immigrants.html | [6] Payment dates: https://www.canada.ca/en/services/benefits/calendar.html | [31] CRA: Provincial and territorial programs: https://www.canada.ca/en/revenue-agency/services/child-family-benefits/provincial-territorial-programs.html | [36] CRA: NL programs: https://www.canada.ca/en/revenue-agency/services/child-family-benefits/provincial-territorial-programs/province-newfoundland-labrador.html"
"Provincial or territorial","Northwest Territories","Northwest Territories child benefit","NWTCB","CRA, for a province or territory – The CRA runs it on behalf of the Government of the Northwest Territories. [31,1]","Active","A non-taxable monthly amount for families with low and middle incomes, paid together with the CCB. [37]","You live in the Northwest Territories and have children under 18. [37]; The amount goes down when family income is above $30,000. [37]","For one child under 6: $67.91 a month. For one child aged 6 to 17: $54.33 a month. More children get more. [37]","No, tax-free","No. It is not taxable. [37]","Monthly","Every month, with the CCB. [37]","Automatic when you file","Your CCB application (Form RC66) (https://www.canada.ca/en/revenue-agency/services/forms-publications/forms/rc66.html) covers this program. File your tax return every year. [1]","[1] CRA: Newcomers to Canada and the CRA: https://www.canada.ca/en/revenue-agency/services/tax/international-non-residents/individuals-leaving-entering-canada-non-residents/newcomers-canada-immigrants.html | [31] CRA: Provincial and territorial programs: https://www.canada.ca/en/revenue-agency/services/child-family-benefits/provincial-territorial-programs.html | [37] CRA: NWT programs: https://www.canada.ca/en/revenue-agency/services/child-family-benefits/provincial-territorial-programs/northwest-territories.html"
"Provincial or territorial","Nova Scotia","Nova Scotia child benefit","NSCB","CRA, for a province or territory – The CRA runs it on behalf of the Government of Nova Scotia. [31,1]","Active","A tax-free monthly payment for families with low and modest incomes, paid together with the CCB. [38]","You live in Nova Scotia and have children under 18. [38]; You get a smaller amount if family income is between $26,000 and $34,000. [38]","$127.08 a month for each child. [38]","No, tax-free","No. It is tax-free. [38]","Monthly","Every month, with the CCB. [38]","Automatic when you file","Your CCB application (Form RC66) (https://www.canada.ca/en/revenue-agency/services/forms-publications/forms/rc66.html) covers this program. File your tax return every year. [1]","[1] CRA: Newcomers to Canada and the CRA: https://www.canada.ca/en/revenue-agency/services/tax/international-non-residents/individuals-leaving-entering-canada-non-residents/newcomers-canada-immigrants.html | [31] CRA: Provincial and territorial programs: https://www.canada.ca/en/revenue-agency/services/child-family-benefits/provincial-territorial-programs.html | [38] CRA: Nova Scotia programs: https://www.canada.ca/en/revenue-agency/services/child-family-benefits/provincial-territorial-programs/province-nova-scotia.html"
"Provincial or territorial","Nova Scotia","Nova Scotia affordable living tax credit","NSALTC","CRA, for a province or territory – The CRA runs it on behalf of the Government of Nova Scotia. [31,1]","Active","A tax-free amount that helps with sales tax and living costs, paid with the CGEB. [38]","You live in Nova Scotia and qualify for the CGEB. [1]; The amount goes down by 5% of family income above $30,000. [38]","Up to $255 a year for a person or couple, plus $60 for each child. [38]","No, tax-free","No. It is tax-free. [38]","Every 3 months","Every three months, with the CGEB. [1]","Automatic when you file","No application. File your tax return every year. [4]","[1] CRA: Newcomers to Canada and the CRA: https://www.canada.ca/en/revenue-agency/services/tax/international-non-residents/individuals-leaving-entering-canada-non-residents/newcomers-canada-immigrants.html | [4] CRA: how to get CGEB: https://www.canada.ca/en/revenue-agency/services/child-family-benefits/canada-groceries-essentials-benefit/get-benefit.html | [31] CRA: Provincial and territorial programs: https://www.canada.ca/en/revenue-agency/services/child-family-benefits/provincial-territorial-programs.html | [38] CRA: Nova Scotia programs: https://www.canada.ca/en/revenue-agency/services/child-family-benefits/provincial-territorial-programs/province-nova-scotia.html"
"Provincial or territorial","Nunavut","Nunavut child benefit","NUCB","CRA, for a province or territory – The CRA runs it on behalf of the Government of Nunavut. [31,1]","Active","A non-taxable monthly amount for families with children under 18, paid together with the CCB. [39]","You live in Nunavut and have children under 18. [39]; The amount goes down when family income is above $22,065. [39]","$58.00 a month for each child. [39]","No, tax-free","No. It is not taxable. [39]","Monthly","Every month, with the CCB. [39]","Automatic when you file","Your CCB application (Form RC66) (https://www.canada.ca/en/revenue-agency/services/forms-publications/forms/rc66.html) covers this program. File your tax return every year. [1]","[1] CRA: Newcomers to Canada and the CRA: https://www.canada.ca/en/revenue-agency/services/tax/international-non-residents/individuals-leaving-entering-canada-non-residents/newcomers-canada-immigrants.html | [31] CRA: Provincial and territorial programs: https://www.canada.ca/en/revenue-agency/services/child-family-benefits/provincial-territorial-programs.html | [39] CRA: Nunavut programs: https://www.canada.ca/en/revenue-agency/services/child-family-benefits/provincial-territorial-programs/nunavut.html"
"Provincial or territorial","Ontario","Ontario trillium benefit","OTB. One payment made up of three Ontario credits.","CRA, for a province or territory – The CRA runs it on behalf of the Government of Ontario. [31,1]","Active","Combines the Ontario energy and property tax credit, the Northern Ontario energy credit and the Ontario sales tax credit into one payment. [40]","You qualify for at least one of the three credits. [40]","The total of the three credits you qualify for. [40]","Not stated in sources","Not stated in our sources. [40]","Depends on amount","Usually monthly, on the 10th. If your yearly total is $500 or less, you get it all in July. You can also choose one payment in June 2027. [40,6]","Claim on your return","Fill out Form ON-BEN, which comes with your tax return package. [40]","[1] CRA: Newcomers to Canada and the CRA: https://www.canada.ca/en/revenue-agency/services/tax/international-non-residents/individuals-leaving-entering-canada-non-residents/newcomers-canada-immigrants.html | [6] Payment dates: https://www.canada.ca/en/services/benefits/calendar.html | [31] CRA: Provincial and territorial programs: https://www.canada.ca/en/revenue-agency/services/child-family-benefits/provincial-territorial-programs.html | [40] CRA: Ontario programs: https://www.canada.ca/en/revenue-agency/services/child-family-benefits/provincial-territorial-programs/province-ontario.html"
"Provincial or territorial","Ontario","Ontario energy and property tax credit","OEPTC","CRA, for a province or territory – The CRA runs it on behalf of the Government of Ontario. [31,1]","Active","Helps with the sales tax on energy and with property tax. It is paid as part of the Ontario trillium benefit. [40]","You lived in Ontario on December 31, 2025. [40]; In 2025 you paid rent or property tax for your main home, paid to live in a long-term care home, paid energy costs on a reserve, or lived in a designated student residence. [40]","Depends on your rent or property tax and your income. [40]","Not stated in sources","Not stated in our sources. [40]","Depends on amount","Paid inside the Ontario trillium benefit. [40]","Claim on your return","Fill out Form ON-BEN with your tax return. [40]","[1] CRA: Newcomers to Canada and the CRA: https://www.canada.ca/en/revenue-agency/services/tax/international-non-residents/individuals-leaving-entering-canada-non-residents/newcomers-canada-immigrants.html | [31] CRA: Provincial and territorial programs: https://www.canada.ca/en/revenue-agency/services/child-family-benefits/provincial-territorial-programs.html | [40] CRA: Ontario programs: https://www.canada.ca/en/revenue-agency/services/child-family-benefits/provincial-territorial-programs/province-ontario.html"
"Provincial or territorial","Ontario","Northern Ontario energy credit","NOEC","CRA, for a province or territory – The CRA runs it on behalf of the Government of Ontario. [31,1]","Active","Helps people in Northern Ontario with higher energy costs. It is paid as part of the Ontario trillium benefit. [40]","You lived in Northern Ontario on December 31, 2025, and paid rent, property tax, long-term care or reserve energy costs there. [40]","Depends on your situation and income. [40]","Not stated in sources","Not stated in our sources. [40]","Depends on amount","Paid inside the Ontario trillium benefit. [40]","Claim on your return","Fill out Form ON-BEN with your tax return. [40]","[1] CRA: Newcomers to Canada and the CRA: https://www.canada.ca/en/revenue-agency/services/tax/international-non-residents/individuals-leaving-entering-canada-non-residents/newcomers-canada-immigrants.html | [31] CRA: Provincial and territorial programs: https://www.canada.ca/en/revenue-agency/services/child-family-benefits/provincial-territorial-programs.html | [40] CRA: Ontario programs: https://www.canada.ca/en/revenue-agency/services/child-family-benefits/provincial-territorial-programs/province-ontario.html"
"Provincial or territorial","Ontario","Ontario sales tax credit","OSTC","CRA, for a province or territory – The CRA runs it on behalf of the Government of Ontario. [31,1]","Active","Tax-free help with sales tax for people with low and moderate incomes. It is paid as part of the Ontario trillium benefit. [40]","You live in Ontario. [40]; The amount goes down when income is above $29,047 (single) or $36,309 (families). [40]","Up to $378 a year for each adult and each child. [40]","No, tax-free","No. It is tax-free. [40]","Depends on amount","Paid inside the Ontario trillium benefit. [40]","Automatic when you file","No application. The CRA uses your tax return. [40]","[1] CRA: Newcomers to Canada and the CRA: https://www.canada.ca/en/revenue-agency/services/tax/international-non-residents/individuals-leaving-entering-canada-non-residents/newcomers-canada-immigrants.html | [31] CRA: Provincial and territorial programs: https://www.canada.ca/en/revenue-agency/services/child-family-benefits/provincial-territorial-programs.html | [40] CRA: Ontario programs: https://www.canada.ca/en/revenue-agency/services/child-family-benefits/provincial-territorial-programs/province-ontario.html"
"Provincial or territorial","Ontario","Ontario child benefit","OCB","CRA, for a province or territory – The CRA runs it on behalf of the Government of Ontario. [31,1]","Active","A tax-free monthly payment for families with low to moderate incomes, paid together with the CCB. [40]","You live in Ontario and have children under 18. [40]; The amount goes down when family income is above $26,865. [40]","Up to $146.66 a month for each child. [40]","No, tax-free","No. It is tax-free. [40]","Monthly","Every month, with the CCB. [40]","Automatic when you file","Your CCB application (Form RC66) (https://www.canada.ca/en/revenue-agency/services/forms-publications/forms/rc66.html) covers this program. File your tax return every year. [1]","[1] CRA: Newcomers to Canada and the CRA: https://www.canada.ca/en/revenue-agency/services/tax/international-non-residents/individuals-leaving-entering-canada-non-residents/newcomers-canada-immigrants.html | [31] CRA: Provincial and territorial programs: https://www.canada.ca/en/revenue-agency/services/child-family-benefits/provincial-territorial-programs.html | [40] CRA: Ontario programs: https://www.canada.ca/en/revenue-agency/services/child-family-benefits/provincial-territorial-programs/province-ontario.html"
"Provincial or territorial","Ontario","Ontario senior homeowners' property tax grant","OSHPTG","CRA, for a province or territory – The CRA runs it on behalf of the Government of Ontario. [31,1]","Active","Helps seniors who own their home with property tax. [40]","You were 64 or older on December 31, 2025. [40]; You own and live in your home, and property tax was paid for 2025. [40]","Up to $500. [40]","Not stated in sources","Not stated in our sources. [40]","Once a year","Once a year, about 4 to 8 weeks after you get your notice of assessment. [40]","Claim on your return","Apply on your tax return with Form ON-BEN. [40]","[1] CRA: Newcomers to Canada and the CRA: https://www.canada.ca/en/revenue-agency/services/tax/international-non-residents/individuals-leaving-entering-canada-non-residents/newcomers-canada-immigrants.html | [31] CRA: Provincial and territorial programs: https://www.canada.ca/en/revenue-agency/services/child-family-benefits/provincial-territorial-programs.html | [40] CRA: Ontario programs: https://www.canada.ca/en/revenue-agency/services/child-family-benefits/provincial-territorial-programs/province-ontario.html"
"Provincial or territorial","Prince Edward Island","Prince Edward Island child benefit","PEICB","CRA, for a province or territory – The CRA runs it on behalf of the Government of Prince Edward Island. [31,1]","Active","A tax-free amount for families with low to medium incomes, paid together with the CCB. [41]","You live in PEI and have children under 18. [41]; No payment if family income is over $80,000. [41]","$34.16 a month for each child if family income is under $45,000. [41]; $24.16 a month for each child if income is $45,000 to $80,000. [41]","No, tax-free","No. It is tax-free. [41]","Monthly","Every month, with the CCB. [41]","Automatic when you file","Your CCB application (Form RC66) (https://www.canada.ca/en/revenue-agency/services/forms-publications/forms/rc66.html) covers this program. File your tax return every year. [1]","[1] CRA: Newcomers to Canada and the CRA: https://www.canada.ca/en/revenue-agency/services/tax/international-non-residents/individuals-leaving-entering-canada-non-residents/newcomers-canada-immigrants.html | [31] CRA: Provincial and territorial programs: https://www.canada.ca/en/revenue-agency/services/child-family-benefits/provincial-territorial-programs.html | [41] CRA: PEI programs: https://www.canada.ca/en/revenue-agency/services/child-family-benefits/provincial-territorial-programs/province-prince-edward-island.html"
"Provincial or territorial","Prince Edward Island","Prince Edward Island sales tax credit","Becoming the PEI essentials benefit in November 2026","CRA, for a province or territory – The CRA runs it on behalf of the Government of Prince Edward Island. [31,1]","Changing","Helps with sales tax, paid with the CGEB. From November 2026 it becomes the Prince Edward Island essentials benefit, with more support. [41,42]","You live in PEI and qualify for the CGEB. [1]; From November 2026, everyone who qualifies gets at least $175, whatever their income. [41]","Up to $310 a year for one person, and up to $365 for couples and single parents. [41]; New minimum of $175 from November 2026. [41]","Not stated in sources","Not stated in our sources. [41]","Every 3 months","Every three months, with the CGEB. [1]","Automatic when you file","No application. File your tax return every year. [4]","[1] CRA: Newcomers to Canada and the CRA: https://www.canada.ca/en/revenue-agency/services/tax/international-non-residents/individuals-leaving-entering-canada-non-residents/newcomers-canada-immigrants.html | [4] CRA: how to get CGEB: https://www.canada.ca/en/revenue-agency/services/child-family-benefits/canada-groceries-essentials-benefit/get-benefit.html | [31] CRA: Provincial and territorial programs: https://www.canada.ca/en/revenue-agency/services/child-family-benefits/provincial-territorial-programs.html | [41] CRA: PEI programs: https://www.canada.ca/en/revenue-agency/services/child-family-benefits/provincial-territorial-programs/province-prince-edward-island.html | [42] Government of PEI: https://islandessentialsbenefit.princeedwardisland.ca/"
"Provincial or territorial","Quebec","Family Allowance","Allocation famille, from Retraite Québec","Retraite Québec – Retraite Québec (Government of Quebec). [43]","Active","Quebec's payment for families with children under 18. You can get it in addition to the federal CCB. [43]","You have a child under 18 who lives with you and depends on you. [43]; The amount is recalculated each July, using your family income and whether you had a spouse on December 31 of the previous year, from your Quebec tax return. [44]; Both you and your spouse must file a Quebec return every year by April 30, even with no income. If you file late, back payments are limited to 3 years. [44]","From $1,221 to $3,068 a year for each child (2026). [45]; Single-parent families get $430 to $1,077 more. [45]","No, tax-free","No. It is not taxable. [46]","Every 3 months","Four times a year: January, April, July and October. You can ask for monthly payments with the change-in-frequency form (https://www.rrq.gouv.qc.ca/en/services/formulaires/soutien_aux_enfants/Pages/changement_frequence.aspx). [46,47]","Often automatic","Automatic when a birth in Quebec is declared. [44] You must apply (https://rrq.gouv.qc.ca/en/services/services_en_ligne/soutien_aux_enfants/Pages/demande_paiement_sae.aspx) if you adopt, immigrate, move to Quebec, have a child born outside Quebec, or get full or shared custody. [44,48]","[43] Retraite Québec: Family Allowance: https://www.rrq.gouv.qc.ca/en/programmes/soutien_enfants/Pages/soutien_enfants.aspx | [44] Retraite Québec: when to apply: https://www.rrq.gouv.qc.ca/en/enfants/naissance/paiement_soutien_enfants | [45] Retraite Québec: 2026 amounts: https://www.retraitequebec.gouv.qc.ca/en/landing/indexation/ | [46] Retraite Québec: payments: https://www.rrq.gouv.qc.ca/en/programmes/soutien_enfants/paiement | [47] Retraite Québec: Change in payment frequency form: https://www.rrq.gouv.qc.ca/en/services/formulaires/soutien_aux_enfants/Pages/changement_frequence.aspx | [48] Retraite Québec: Family Allowance application (online): https://rrq.gouv.qc.ca/en/services/services_en_ligne/soutien_aux_enfants/Pages/demande_paiement_sae.aspx"
"Provincial or territorial","Quebec","Supplement for the purchase of school supplies","","Retraite Québec – Retraite Québec (Government of Quebec). [43]","Active","A yearly amount to help with back-to-school costs. [43]","You receive the Family Allowance. [43]; Your child is 4 to 16 years old on September 30. [43]; It does not depend on income. [43]","$127 for each child (2026 to 2027 school year). [43]","No, tax-free","No. It is not taxable. [46]","Once a year","Once a year, for the school year. [43]","Automatic when you file","No separate application if you get the Family Allowance. [43]","[43] Retraite Québec: Family Allowance: https://www.rrq.gouv.qc.ca/en/programmes/soutien_enfants/Pages/soutien_enfants.aspx | [46] Retraite Québec: payments: https://www.rrq.gouv.qc.ca/en/programmes/soutien_enfants/paiement"
"Provincial or territorial","Quebec","Supplement for Handicapped Children","Including the supplement for children requiring exceptional care","Retraite Québec – Retraite Québec (Government of Quebec). [43]","Active","A monthly amount for families of children with a disability, added to the Family Allowance. [43]","Retraite Québec decides if the child is eligible. [43]; The amount is the same for every eligible child, whatever the condition or family income. [43]","$241 a month for each eligible child (2026). [43]; Exceptional care: $1,215 a month (tier 1) or $808 a month (tier 2). [43]","No, tax-free","No. It is not taxable. [46]","Monthly","A monthly amount, paid with the Family Allowance. [43,46]","Application needed","Retraite Québec assesses the child's eligibility. See its Family Allowance page (https://www.rrq.gouv.qc.ca/en/programmes/soutien_enfants/Pages/soutien_enfants.aspx) for how to ask. [43]","[43] Retraite Québec: Family Allowance: https://www.rrq.gouv.qc.ca/en/programmes/soutien_enfants/Pages/soutien_enfants.aspx | [46] Retraite Québec: payments: https://www.rrq.gouv.qc.ca/en/programmes/soutien_enfants/paiement"
"Provincial or territorial","Quebec","Solidarity tax credit","Crédit d'impôt pour solidarité, from Revenu Québec","Revenu Québec – Revenu Québec (Government of Quebec). [49]","Active","A refundable credit for households with low and modest incomes. It has three parts: housing, QST (Quebec sales tax), and one for people living in northern villages. [49]","It is based on your situation on December 31, 2025. [49]; No credit if family income is at or above $64,545 for a single person. Limits are higher for couples and families with children. [49]; If you live in a northern village, the income limits do not apply. [49]","Depends on which parts apply to you and on your income. Revenu Québec has an estimator. [49]","Not stated in sources","Not stated in our sources. [49]","Depends on amount","$240 or less: one payment in July. $241 to $799: four payments (July, October, January, April). $800 or more: every month from July 2026 to June 2027. [50]","Claim on your return","Fill out Schedule D (https://www.revenuquebec.ca/en/citizens/income-tax-return/completing-your-income-tax-return/how-to-complete-your-income-tax-return/line-by-line-help/solidarity-tax-credit/) of your Quebec tax return. You have up to 4 years to claim it. [51]","[49] Revenu Québec: solidarity credit: https://www.revenuquebec.ca/en/citizens/tax-credits/solidarity-tax-credit/calculation-of-the-credit/ | [50] Revenu Québec: solidarity payments: https://www.revenuquebec.ca/en/citizens/tax-credits/solidarity-tax-credit/payment-of-the-solidarity-tax-credit/ | [51] Revenu Québec: Schedule D help (solidarity credit): https://www.revenuquebec.ca/en/citizens/income-tax-return/completing-your-income-tax-return/how-to-complete-your-income-tax-return/line-by-line-help/solidarity-tax-credit/"
"Provincial or territorial","Quebec","Work premium","Prime au travail, with the adapted work premium and the supplement","Revenu Québec – Revenu Québec (Government of Quebec). [52]","Active","Refundable tax credits for workers with low income in Quebec, similar to the federal Canada workers benefit. [52]","You lived in Quebec on December 31. [53]; Full-time students cannot get it, unless they are a parent living with their child. [54]; The adapted premium is for people with a severely limited capacity for employment. [53]","2026 maximum: $1,207.33 for a person living alone, $1,882.45 for a couple without children, $3,122.40 for a single parent, $4,057 for a couple with a child. [52]; Adapted premium: up to $5,234 (2026). [52]; Supplement: $200 a month for up to 12 months. [52]","Not stated in sources","Not stated in our sources. [52]","Once a year","Once a year, when you file. You can ask for part of it in advance (50% if you have a dependent child, 75% if not). [52]","Claim on your return","Fill out Schedule P of your Quebec tax return. See line 456 instructions (https://www.revenuquebec.ca/en/citizens/income-tax-return/completing-your-income-tax-return/how-to-complete-your-income-tax-return/line-by-line-help/451-to-480-refund-or-balance-due/line-456/). [54]","[52] Revenu Québec: work premium amounts: https://www.revenuquebec.ca/en/citizens/tax-credits/work-premium-tax-credits/tax-credit-amounts/ | [53] Revenu Québec: work premium eligibility: https://www.revenuquebec.ca/en/citizens/tax-credits/work-premium-tax-credits/eligibility-requirements-for-the-work-premium-tax-credits/ | [54] Revenu Québec: line 456: https://www.revenuquebec.ca/en/citizens/income-tax-return/completing-your-income-tax-return/how-to-complete-your-income-tax-return/line-by-line-help/451-to-480-refund-or-balance-due/line-456/"
"Provincial or territorial","Quebec","Senior assistance tax credit","","Revenu Québec – Revenu Québec (Government of Quebec). [55]","Active","A refundable credit for seniors 70 and older with low income. [55]","You (or your eligible spouse) were 70 or older on December 31, 2025, and you lived in Quebec. [56]; You or your spouse is a Canadian citizen, permanent resident, protected person, or temporary resident who has lived in Canada for the last 18 months. [56]; The amount goes down by 5.40% of family income above $27,835 (single) or $45,270 (couple). [55]","Up to $2,000 for one person, or $4,000 for a couple if both are 70 or older and eligible. [55]","Not stated in sources","Not stated in our sources. [55]","Once a year","Once a year, after you file. [55]","Automatic when you file","File your Quebec tax return. The credit is calculated from it. [55]","[55] Revenu Québec: senior credit amount: https://www.revenuquebec.ca/en/citizens/tax-credits/senior-assistance-tax-credit/amount-of-the-credit/ | [56] Revenu Québec: senior credit eligibility: https://www.revenuquebec.ca/en/citizens/tax-credits/senior-assistance-tax-credit/eligibility-conditions/"
"Provincial or territorial","Quebec","Tax credit for career extension","","Revenu Québec – Revenu Québec (Government of Quebec). [57]","Active","A credit that encourages workers 65 and older to keep working. [57]","You were 65 or older and lived in Quebec on December 31, 2025. [57]; Your eligible work income was more than $7,500. [57]; The credit goes down by 7% of net income above $56,500, and you get nothing at $81,500 or more. [57]","Up to $1,750. [57]","Not income (lowers tax)","Not income. It lowers the tax you owe. [57]","Once a year","Once a year, on your tax return. [57]","Claim on your return","Fill out form TP-752.PC-V and enter the result on line 391 of your Quebec return. See Revenu Québec's page (https://www.revenuquebec.ca/en/citizens/tax-credits/tax-credit-for-career-extension/). [57]","[57] Revenu Québec: career extension: https://www.revenuquebec.ca/en/citizens/tax-credits/tax-credit-for-career-extension/"
"Provincial or territorial","Saskatchewan","Saskatchewan low-income tax credit","SLITC","CRA, for a province or territory – The CRA runs it on behalf of the Government of Saskatchewan. [31,1]","Active","A tax-free amount for residents with low and modest incomes, paid with the CGEB. [58]","You live in Saskatchewan and qualify for the CGEB. [1]; The amount goes down when family income is above $39,345, and you get nothing above $81,668. [58]","$460 for you, $460 for a spouse or partner, and $181 for each child (up to 2 children). Up to $1,282 per family. [58]","No, tax-free","No. It is tax-free. [58]","Every 3 months","Every three months, with the CGEB. [1]","Automatic when you file","No application. File your tax return every year. [4]","[1] CRA: Newcomers to Canada and the CRA: https://www.canada.ca/en/revenue-agency/services/tax/international-non-residents/individuals-leaving-entering-canada-non-residents/newcomers-canada-immigrants.html | [4] CRA: how to get CGEB: https://www.canada.ca/en/revenue-agency/services/child-family-benefits/canada-groceries-essentials-benefit/get-benefit.html | [31] CRA: Provincial and territorial programs: https://www.canada.ca/en/revenue-agency/services/child-family-benefits/provincial-territorial-programs.html | [58] CRA: Saskatchewan programs: https://www.canada.ca/en/revenue-agency/services/child-family-benefits/provincial-territorial-programs/province-saskatchewan.html"
"Provincial or territorial","Yukon","Yukon child benefit","YCB","CRA, for a province or territory – The CRA runs it on behalf of the Government of Yukon. [31,1]","Active","A non-taxable monthly amount for families with low and modest incomes, paid together with the CCB. [59]","You live in Yukon and have children under 18. [59]; You get a smaller amount if family income is above $35,000. [59]","$80.50 a month for each child. [59]","No, tax-free","No. It is not taxable. [59]","Monthly","Every month, with the CCB. [59]","Automatic when you file","Your CCB application (Form RC66) (https://www.canada.ca/en/revenue-agency/services/forms-publications/forms/rc66.html) covers this program. File your tax return every year. [1]","[1] CRA: Newcomers to Canada and the CRA: https://www.canada.ca/en/revenue-agency/services/tax/international-non-residents/individuals-leaving-entering-canada-non-residents/newcomers-canada-immigrants.html | [31] CRA: Provincial and territorial programs: https://www.canada.ca/en/revenue-agency/services/child-family-benefits/provincial-territorial-programs.html | [59] CRA: Yukon programs: https://www.canada.ca/en/revenue-agency/services/child-family-benefits/provincial-territorial-programs/yukon.html"